batch_num,avg training loss,avg validation loss,stl normed val mae
0,0.7104099988937378,0.32655683159828186,5.532313878882887
1,0.15212607383728027,0.34720489382743835,5.840602543658249
2,0.07136570662260056,0.03698793426156044,1.5315056790466008
3,0.04967797175049782,0.11348386108875275,3.132554237260073
4,0.05065375566482544,0.03576807305216789,1.5485193856745871
5,0.05510175973176956,0.051836952567100525,2.040713583326481
6,0.04924798384308815,0.031152546405792236,1.439867369852717
7,0.0630306750535965,0.12423842400312424,3.349597682820819
8,0.09674099087715149,0.05428076535463333,1.9456121912106328
9,0.11470445245504379,0.03895481675863266,1.7372780395662515
10,0.11902016401290894,0.028121113777160645,1.3162331281618596
11,0.11521564424037933,0.027247238904237747,1.3381024614403911
12,0.07346532493829727,0.030313484370708466,1.4677982773672344
13,0.06300690770149231,0.03783412650227547,1.546180006540376
14,0.031502265483140945,0.04275684803724289,1.8341901217440824
15,0.042736027389764786,0.04207650199532509,1.664588524491096
16,0.05572555586695671,0.03179782256484032,1.5259733834441174
17,0.03483240678906441,0.02756880596280098,1.326254932863894
18,0.02779989317059517,0.028130486607551575,1.3643025644455182
19,0.0329899899661541,0.026411985978484154,1.3428412075684169
20,0.023113800212740898,0.02842872217297554,1.3790713691334107
21,0.021844740957021713,0.027646761387586594,1.3786087109238412
22,0.04282623901963234,0.030191227793693542,1.390135812948059
23,0.048804692924022675,0.02862507663667202,1.3884492255341996
24,0.055457863956689835,0.03008030354976654,1.4557488240544805
25,0.07399453967809677,0.027683693915605545,1.3409348611897696
26,0.06533613055944443,0.030947161838412285,1.4918083076307258
27,0.06734317541122437,0.03432261198759079,1.5074872475349586
28,0.02818814106285572,0.054945070296525955,2.097981649383711
29,0.043277639895677567,0.033746521919965744,1.4915524380379215
30,0.019125286489725113,0.026055751368403435,1.3257103256372742
31,0.01879323087632656,0.026321187615394592,1.315300589617117
32,0.017598383128643036,0.02693226747214794,1.3366904621897773
33,0.022115690633654594,0.02992394007742405,1.423994464289423
34,0.02164975367486477,0.027096394449472427,1.3358370722460347
35,0.015485002659261227,0.026648014783859253,1.3074137336776237
36,0.015179586596786976,0.0257975272834301,1.286893463983734
37,0.015451887622475624,0.02528434805572033,1.2779197518360956
38,0.014559521339833736,0.025678038597106934,1.295561636001255
39,0.02242397889494896,0.025255905464291573,1.276713804250655
40,0.01576603390276432,0.030769862234592438,1.4601821774427073
41,0.025378555059432983,0.0261523500084877,1.3067114188102775
42,0.01874782145023346,0.02462582103908062,1.2496115251063828
43,0.015306257642805576,0.02908453159034252,1.3146545778514134
44,0.010991801507771015,0.0294753760099411,1.3442885804954552
45,0.017244741320610046,0.02895762026309967,1.3893091006519533
46,0.019925104454159737,0.028265494853258133,1.3873352495074627
47,0.011560156010091305,0.024197354912757874,1.2335584348788011
48,0.017107922583818436,0.024133555591106415,1.2406678805837057
49,0.01545762736350298,0.026712071150541306,1.2981129624133767
50,0.010007916018366814,0.025522293522953987,1.3084209991138132
51,0.012804457917809486,0.027794724330306053,1.3077715973707855
52,0.02329431101679802,0.02458595111966133,1.2708812745695182
53,0.01375618763267994,0.02542158216238022,1.2472778941945908
54,0.014252745546400547,0.029322702437639236,1.416981632938253
55,0.01274815946817398,0.031386762857437134,1.3993432861407362
56,0.026524629443883896,0.02489529363811016,1.2414245824785544
57,0.019239243119955063,0.028710676357150078,1.3810785304898678
58,0.013043800368905067,0.027083393186330795,1.291341409013486
59,0.01407613418996334,0.028365978971123695,1.32571636864033
60,0.010505212470889091,0.026991214603185654,1.3269733132759496
61,0.011607910506427288,0.025407930836081505,1.256940066519642
62,0.008149433881044388,0.02605053037405014,1.2714474007826295
63,0.013597320765256882,0.025639424100518227,1.2568046148169996
64,0.009699201211333275,0.024106085300445557,1.213021067907973
65,0.008484095335006714,0.02396603859961033,1.2210783807507373
66,0.006602846086025238,0.025463975965976715,1.2631593483963541
67,0.008744103834033012,0.02653268538415432,1.2833062784136462
68,0.009453929960727692,0.025972921401262283,1.2502450086950194
69,0.012173612602055073,0.02547493577003479,1.2376802788290142
70,0.017028842121362686,0.023248642683029175,1.1946011102517917
71,0.010524525307118893,0.02404138259589672,1.2089034245818353
72,0.006834215018898249,0.02520555816590786,1.2385912983872653
73,0.009789307601749897,0.02388634905219078,1.217460169518619
74,0.007328209467232227,0.02496757172048092,1.2350052919397252
75,0.00832669623196125,0.02940233424305916,1.374289290251765
76,0.009735235013067722,0.02757309004664421,1.289996324967442
77,0.006873064674437046,0.028707681223750114,1.354225635764389
78,0.011856220662593842,0.025461168959736824,1.2543731167337662
79,0.020901022478938103,0.025258662179112434,1.2441066441031285
80,0.008357007056474686,0.0275336354970932,1.2965271899773272
81,0.007012265268713236,0.030039101839065552,1.3415211798765068
82,0.011821714229881763,0.027858220040798187,1.2901426835536485
83,0.006993863265961409,0.028251564130187035,1.3301929073918586
84,0.009759040549397469,0.028142118826508522,1.3010622426852747
85,0.015224002301692963,0.02473231591284275,1.2225200054553567
86,0.006219206843525171,0.0238726157695055,1.177130862112451
87,0.006537487730383873,0.029625356197357178,1.328458270734189
88,0.006339340005069971,0.031026391312479973,1.4243591079372326
89,0.009330946020781994,0.025625968351960182,1.2289995786344263
90,0.01034193579107523,0.024416986852884293,1.191763920317064
91,0.007779516279697418,0.027362419292330742,1.3188389889918024
92,0.009096234105527401,0.027991758659482002,1.2845182690021428
93,0.007289532572031021,0.026958290487527847,1.2558471673084415
94,0.01444338634610176,0.030804898589849472,1.3808667306022757
95,0.011922147125005722,0.027585836127400398,1.3208411390774328
96,0.007200990803539753,0.025613414123654366,1.2918403252413908
97,0.00960418488830328,0.024686573073267937,1.2387930757332037
98,0.007489094510674477,0.02870883047580719,1.3607578272871401
99,0.017257697880268097,0.027494313195347786,1.3038374549911003
100,0.007777811493724585,0.024755116552114487,1.2228742580857168
101,0.011001905426383018,0.025697575882077217,1.2405160685557168
102,0.006302365101873875,0.025636957958340645,1.2609420084458076
103,0.011662689037621021,0.02555670216679573,1.2360497734313196
104,0.01115447748452425,0.02511150948703289,1.2292054092141218
105,0.008610808290541172,0.025500381365418434,1.2287152627101638
106,0.01073144655674696,0.023739304393529892,1.196201621719685
107,0.012608489952981472,0.029551051557064056,1.4273624804559968
108,0.01072735246270895,0.025435470044612885,1.2418356540766715
109,0.012218677438795567,0.025034913793206215,1.254895025851347
110,0.009744856506586075,0.024808162823319435,1.242612548445146
111,0.011345208622515202,0.025474341586232185,1.2531956154797834
112,0.00821838341653347,0.028778422623872757,1.3663193061726737
113,0.0062995776534080505,0.02711419016122818,1.2672507562458104
114,0.009275414049625397,0.0278170183300972,1.3433245004225673
115,0.01012998167425394,0.027394704520702362,1.2867652344066949
116,0.005102062597870827,0.026621568948030472,1.2903009807556485
117,0.005216218065470457,0.026199018582701683,1.285176661554595
118,0.005919513758271933,0.027149422094225883,1.3062695426356075
119,0.006395095493644476,0.024521248415112495,1.2188828545673194
120,0.006245523691177368,0.026605799794197083,1.2893654944045372
121,0.008281082846224308,0.026224473491311073,1.2492098864886456
122,0.005857411772012711,0.02666996233165264,1.267460345278626
123,0.008899693377315998,0.02831701561808586,1.3352461844594259
124,0.005392166320234537,0.031617671251297,1.3628599080086699
125,0.004230031277984381,0.02789130248129368,1.2968869697446286
126,0.005099394358694553,0.026999320834875107,1.296733831203774
127,0.005835759453475475,0.026127519086003304,1.273585592132176
128,0.011288917623460293,0.02818584069609642,1.3172852002548536
129,0.008405580185353756,0.027454540133476257,1.2876091913700576
130,0.008341038599610329,0.02643735148012638,1.256804025255726
131,0.00825565867125988,0.030695775523781776,1.3671545671072487
132,0.010166576132178307,0.02564711682498455,1.251598051818259
133,0.009955989196896553,0.025281410664319992,1.2318027951007546
134,0.008311985991895199,0.024848202243447304,1.2298345447883645
135,0.006535951979458332,0.02790917456150055,1.3304972683994283
136,0.006478477269411087,0.026596223935484886,1.265200262135733
137,0.0062827738001942635,0.024813292548060417,1.2363978356683054
138,0.00488848565146327,0.024994712322950363,1.2259107934261289
139,0.008007755503058434,0.026412272825837135,1.2600813963764617
140,0.007689267862588167,0.026656506583094597,1.2755361556063538
141,0.013308779336512089,0.027737170457839966,1.311833379766236
142,0.01228625513613224,0.026403093710541725,1.275392450045879
143,0.015486354008316994,0.027976317331194878,1.2933445908313455
144,0.014602826908230782,0.02473853901028633,1.2416217907246214
145,0.01120208203792572,0.02409643493592739,1.2158476457397733
146,0.008489617146551609,0.034617748111486435,1.590939351052606
147,0.007505965419113636,0.028461342677474022,1.3165892231712002
148,0.013271487317979336,0.027961382642388344,1.3617674509684246
149,0.009558189660310745,0.043411269783973694,1.685334890933466
150,0.01004013605415821,0.030901364982128143,1.4379234389428688
151,0.006134721450507641,0.025127768516540527,1.2388571905217232
152,0.0050141881220042706,0.025538887828588486,1.2693100937749937
153,0.006601701490581036,0.024922728538513184,1.239829377062125
154,0.007590795401483774,0.026157530024647713,1.2882616883097724
155,0.004084236454218626,0.026762545108795166,1.2691739051207591
156,0.004409711807966232,0.028035402297973633,1.3276759229239323
157,0.003921777009963989,0.026902178302407265,1.2775103015314815
158,0.004445494152605534,0.027886496856808662,1.2896047088913583
159,0.00473216874524951,0.026354044675827026,1.278835635274855
160,0.003711679019033909,0.027754733338952065,1.2842492816709978
161,0.007702022325247526,0.026890957728028297,1.2824263582125852
162,0.008478964678943157,0.027834411710500717,1.3270947628983405
163,0.008132796734571457,0.027242116630077362,1.2780631626159336
164,0.012264062650501728,0.029990313574671745,1.4067686629932077
165,0.009637610986828804,0.028813816606998444,1.354562570032333
166,0.007489008828997612,0.02661570906639099,1.294868459333652
167,0.006087526213377714,0.02884533442556858,1.3601787307260063
168,0.004225504584610462,0.02684076689183712,1.287630268185594
169,0.004084749147295952,0.02662857435643673,1.2693569638962563
170,0.0040625836700201035,0.026572903618216515,1.263531066779449
171,0.005163109861314297,0.02684047259390354,1.2646364941677166
172,0.0050760130397975445,0.02716711349785328,1.2784673068690844
173,0.004506480414420366,0.026023874059319496,1.2637254746094657
174,0.005315328482538462,0.02752293460071087,1.3014858424604587
175,0.004453703295439482,0.026345742866396904,1.267803469939944
176,0.0045762453228235245,0.026704715564846992,1.2775337365921127
177,0.005645240657031536,0.027606550604104996,1.2969982494350476
178,0.0033856865484267473,0.028314247727394104,1.3007686411709507
179,0.006798662710934877,0.028722360730171204,1.3695825278228397
180,0.004796057008206844,0.027622781693935394,1.2971189621058463
181,0.006488332990556955,0.030021192505955696,1.3976170507312176
182,0.005938425660133362,0.027714548632502556,1.3147259147655364
183,0.0062939622439444065,0.028828851878643036,1.3479870457559617
184,0.003492684569209814,0.02865932323038578,1.2988098238389405
185,0.0037603327073156834,0.027127964422106743,1.2876510502204934
186,0.0039008597377687693,0.026660539209842682,1.2718475654971824
187,0.00537667702883482,0.02959934063255787,1.3865974135733736
188,0.0075760493054986,0.028528012335300446,1.323638902101979
189,0.007239330559968948,0.02764132246375084,1.2976040236438182
190,0.00586861465126276,0.029319586232304573,1.358103475042432
191,0.005217121448367834,0.026548808440566063,1.2608593224771654
192,0.005066215991973877,0.028406793251633644,1.3509675727753683
193,0.003321761963889003,0.02489575184881687,1.2389950004694605
194,0.004136127419769764,0.02644066885113716,1.2704912797869372
195,0.003472007578238845,0.02641800232231617,1.2846192313702713
196,0.006211468018591404,0.029177086427807808,1.3575861350247227
197,0.006995204370468855,0.028309734538197517,1.3122043611977385
198,0.007397621404379606,0.03384636715054512,1.5413382345797637
199,0.013450895436108112,0.02434813790023327,1.2290152757033397
200,0.006465319078415632,0.02786717750132084,1.375829961250373
201,0.004934214521199465,0.025659915059804916,1.2357473284978895
202,0.003794402116909623,0.027180248871445656,1.2631882368987675
203,0.003554306225851178,0.024514419957995415,1.2129075773627775
204,0.005130511708557606,0.02476397342979908,1.2258417410619418
205,0.004733602982014418,0.025315023958683014,1.2390368593198964
206,0.0051143779419362545,0.026373084634542465,1.2904398224356148
207,0.007897952571511269,0.025899803265929222,1.2661441497349952
208,0.004177559167146683,0.025271834805607796,1.2556823849324303
209,0.005638821050524712,0.025876717641949654,1.2566585510114299
210,0.006347350310534239,0.02878515236079693,1.3206555746665223
211,0.003672397695481777,0.02658035047352314,1.303269117923212
212,0.005713669117540121,0.02717859111726284,1.3020830680307602
213,0.004917874466627836,0.026073843240737915,1.2784844041460228
214,0.00559120811522007,0.031239714473485947,1.4623878735580973
215,0.006080676801502705,0.025741683319211006,1.2558933004781119
216,0.005215738900005817,0.027969161048531532,1.3414732780230152
217,0.0072234575636684895,0.02598256804049015,1.2674388262921343
218,0.0041624391451478004,0.0252822358161211,1.263809487090974
219,0.003939873073250055,0.028691092506051064,1.3722423335093301
220,0.005033228546380997,0.0276494137942791,1.3125280303370235
221,0.006330566480755806,0.028087208047509193,1.321999479590019
222,0.00453787250444293,0.026740768924355507,1.2736025420187962
223,0.004774441942572594,0.026990046724677086,1.2645561664441691
224,0.004861015360802412,0.026748869568109512,1.253419059202532
225,0.0027146250940859318,0.027261801064014435,1.2930813517226192
226,0.0024475695099681616,0.028655972331762314,1.3410599955701215
227,0.004869371186941862,0.02513662353157997,1.2337843842369631
228,0.003164476016536355,0.025977933779358864,1.2771807367794592
229,0.002946258056908846,0.026727549731731415,1.2708367626933506
230,0.003293439978733659,0.02704456076025963,1.2824873778044177
231,0.005083523690700531,0.026283172890543938,1.2815440797664293
232,0.006456833332777023,0.025454793125391006,1.2560563141703016
233,0.003444467205554247,0.029252903535962105,1.3699443710545993
234,0.0032829041592776775,0.027445057407021523,1.3009001133349953
235,0.004101764410734177,0.028036421164870262,1.3117533468233253
236,0.0032696204725652933,0.028101902455091476,1.3317578977930087
237,0.002948606153950095,0.02643895149230957,1.274656972356885
238,0.0044825137592852116,0.029295114800333977,1.4024878585845615
239,0.0037526937667280436,0.025665033608675003,1.251470117021857
240,0.00333505985327065,0.026442300528287888,1.2963971917164667
241,0.004729816690087318,0.027644699439406395,1.3190249955736684
242,0.0033476464450359344,0.02631845884025097,1.2622472971058742
243,0.00493127666413784,0.026149099692702293,1.2741944615376337
244,0.0032093103509396315,0.027458377182483673,1.2992517000136108
245,0.00431807478889823,0.026007143780589104,1.2512381246606392
246,0.00498550571501255,0.028140075504779816,1.292350885304452
247,0.004738939926028252,0.028895480558276176,1.3677554774355112
248,0.004334588535130024,0.02654954046010971,1.281244582639368
249,0.004982920363545418,0.030530529096722603,1.426835560067589
250,0.006453993730247021,0.0277495589107275,1.2930097200278594
251,0.003875419031828642,0.030208393931388855,1.4180765956139116
252,0.00471971882507205,0.025959478691220284,1.299823574449141
253,0.005109234247356653,0.029291784390807152,1.4080260497997825
254,0.0031983391381800175,0.024194376543164253,1.2130674958582803
255,0.003644337644800544,0.025082433596253395,1.2284798803716221
256,0.00338764488697052,0.025006378069519997,1.2397007053141307
257,0.0031898384913802147,0.02451360411942005,1.2218868903425162
258,0.0037884146440774202,0.027835417538881302,1.3522802309513564
259,0.0033130007795989513,0.024253152310848236,1.2141852303381373
260,0.0034809347707778215,0.02602759376168251,1.2269501899517372
261,0.002536332467570901,0.02423434890806675,1.2049019985217841
262,0.0037931837141513824,0.02652246505022049,1.2757681479675715
263,0.002582049695774913,0.02600281499326229,1.2550817693848049
264,0.002708319341763854,0.026830831542611122,1.303741651284117
265,0.005041784606873989,0.024913981556892395,1.2486374224918415
266,0.0031555357854813337,0.02584388293325901,1.2624987449891254
267,0.0037122590001672506,0.02773471362888813,1.3422491406592607
268,0.0046543036587536335,0.02532402239739895,1.2702825750960323
269,0.003348337020725012,0.024840429425239563,1.2460085687722227
270,0.0027806516736745834,0.03039960004389286,1.4185588567358334
271,0.003406844101846218,0.02511758916079998,1.2444698138477541
272,0.004253933671861887,0.02527758665382862,1.2459644990670105
273,0.004637929145246744,0.027399349957704544,1.349683360930838
274,0.0039864820428192616,0.02428114227950573,1.227589421762793
275,0.0036803516559302807,0.029579782858490944,1.4147327514595613
276,0.0034573101438581944,0.02435435727238655,1.2204723117613299
277,0.0029946190770715475,0.025066900998353958,1.254805412537738
278,0.0027111347299069166,0.02428477443754673,1.21886583098554
279,0.005331546533852816,0.026919303461909294,1.2930588010038986
280,0.0039054725784808397,0.02754788286983967,1.3396140965462675
281,0.003021026263013482,0.025696493685245514,1.266929592741939
282,0.002671793568879366,0.02608930692076683,1.2878933599040017
283,0.00410504313185811,0.024745581671595573,1.2338908000468736
284,0.00402421597391367,0.023769130930304527,1.2092427170948743
285,0.0038684834726154804,0.02340046875178814,1.19937353506758
286,0.0037144601810723543,0.02709290198981762,1.332745560316846
287,0.003235753858461976,0.025426145642995834,1.2518306337407505
288,0.002698330907151103,0.025085382163524628,1.2361310591919368
289,0.002878657542169094,0.025451909750699997,1.2600398323066628
290,0.0031645679846405983,0.024539757519960403,1.2350675643492641
291,0.0035136195365339518,0.027724694460630417,1.333370642657332
292,0.0034873741678893566,0.025961734354496002,1.2734202201948912
293,0.003189203329384327,0.034823935478925705,1.570108087786817
294,0.003081653732806444,0.025324564427137375,1.2642755352778676
295,0.0037046459037810564,0.02587372437119484,1.2626188680986505
296,0.004656621254980564,0.024871865287423134,1.2305104030935512
297,0.005567061249166727,0.03036201000213623,1.4313364182216597
298,0.0036997408606112003,0.026874400675296783,1.2840707919953722
299,0.0043417769484221935,0.03382548689842224,1.5408188310975963
300,0.0046514724381268024,0.026763416826725006,1.2964210689480533
301,0.003422772279009223,0.028271999210119247,1.3570528768526222
302,0.0026601478457450867,0.025855587795376778,1.2597023084774452
303,0.0022191298194229603,0.02718699350953102,1.3024017258992182
304,0.0024201455526053905,0.026024283841252327,1.2673682263296036
305,0.0034848288632929325,0.025952979922294617,1.2643393552857503
306,0.0029320211615413427,0.026571867987513542,1.2745237315090192
307,0.0025429525412619114,0.025764286518096924,1.262374494950684
308,0.0028128838166594505,0.026843039318919182,1.2780451809970845
309,0.004796198569238186,0.026357483118772507,1.299702714388024
310,0.002552600111812353,0.025844749063253403,1.2679622093128993
311,0.004275480750948191,0.02568974159657955,1.2596765151717189
312,0.0047810617834329605,0.026530804112553596,1.3035610981440333
313,0.0034468844532966614,0.02522902376949787,1.2690664575786195
314,0.003962739370763302,0.02627364918589592,1.2951462900839033
315,0.0027357148937880993,0.026459626853466034,1.297346237976874
316,0.003110487712547183,0.027394182980060577,1.3189885901650147
317,0.0050523169338703156,0.025010379031300545,1.246457961853133
318,0.004820181522518396,0.02790873497724533,1.3569734334709855
319,0.00513289263471961,0.025125743821263313,1.2617383583363158
320,0.00478597404435277,0.026833465322852135,1.3411889620987527
321,0.005342387594282627,0.02484760992228985,1.232987297394863
322,0.005567640531808138,0.02650834061205387,1.2971226468638073
323,0.005234692711383104,0.025807324796915054,1.2522213654749237
324,0.0035845283418893814,0.026707317680120468,1.2985520381719966
325,0.0025753327645361423,0.027241023257374763,1.2897892415700398
326,0.0028086621314287186,0.02633218839764595,1.2841723439247743
327,0.003341169562190771,0.025485293939709663,1.2737382885020754
328,0.0025510424748063087,0.029629811644554138,1.3935375814975546
329,0.002675459487363696,0.024751218035817146,1.2340408433910413
330,0.002846767194569111,0.02518916130065918,1.236478605562808
331,0.0026042594108730555,0.026737475767731667,1.3069470959294562
332,0.005060391500592232,0.02460898831486702,1.224743019933163
333,0.004856296814978123,0.025849802419543266,1.2723021172392381
334,0.0034021553583443165,0.02523941732943058,1.2368792124483163
335,0.0031125941313803196,0.03010871633887291,1.4008951588035456
336,0.0027122984174638987,0.02663332037627697,1.2764909500891801
337,0.004437713883817196,0.026303395628929138,1.2633120447662536
338,0.0039056367240846157,0.029166361317038536,1.3769862382985012
339,0.002404307946562767,0.02625616267323494,1.2718225091430484
340,0.002942068036645651,0.02606082148849964,1.283730762530741
341,0.0024205318186432123,0.026076823472976685,1.2568551696962231
342,0.003626753343269229,0.02634873427450657,1.2664009036697101
343,0.0031750118359923363,0.02698407508432865,1.2921555931325248
344,0.003513679839670658,0.025498146191239357,1.2511364253409185
345,0.0038391610141843557,0.027991535142064095,1.3446726796652986
346,0.005101892165839672,0.027193836867809296,1.2888783694021073
347,0.0034416615962982178,0.02581976354122162,1.2546571378773916
348,0.002373797819018364,0.02910233661532402,1.3876437374439485
349,0.00261015840806067,0.02503344975411892,1.245042867405832
350,0.004097144119441509,0.02645736373960972,1.2695055333372394
351,0.0033469470217823982,0.030525824055075645,1.4156797342555105
352,0.0036261233035475016,0.025862395763397217,1.263713093822717
353,0.004244132433086634,0.029878852888941765,1.4318158789275308
354,0.0044020917266607285,0.02444196492433548,1.2535097042483698
355,0.0029448673594743013,0.027382632717490196,1.3408418578988368
356,0.0037659977097064257,0.02458556555211544,1.238092234769042
357,0.0021710016299039125,0.027487630024552345,1.335251932681845
358,0.0028473406564444304,0.0277313943952322,1.3064493588240988
359,0.00365659617818892,0.02602802962064743,1.2999915994121578
360,0.002402963349595666,0.02482144720852375,1.2348869375140212
361,0.003393347840756178,0.027398716658353806,1.3263485257161005
362,0.004075359087437391,0.025393269956111908,1.249096690724087
363,0.003267420921474695,0.02895897813141346,1.4056962510362696
364,0.002470030216500163,0.02428443543612957,1.2406441507424375
365,0.002962289145216346,0.02637758105993271,1.309260239586986
366,0.0027248067781329155,0.025790134444832802,1.295255506309864
367,0.006013040896505117,0.024642489850521088,1.225981245998341
368,0.005180124659091234,0.024902716279029846,1.2545427629902857
369,0.0029373459983617067,0.026411989703774452,1.3310073862915341
370,0.003050251165404916,0.023665208369493484,1.222616472418773
371,0.0030391435138881207,0.025454621762037277,1.2491516673128635
372,0.0030858260579407215,0.025363774970173836,1.2555165708241902
373,0.0022706077434122562,0.025372982025146484,1.254844618362442
374,0.002195497741922736,0.028959061950445175,1.3873704757935688
375,0.003458571620285511,0.025291433557868004,1.2502687385362876
376,0.002525357063859701,0.025748716667294502,1.2558648541466537
377,0.0018191130366176367,0.0251457616686821,1.2475511558449706
378,0.0020891085732728243,0.02445180155336857,1.221456436917525
379,0.0024059591814875603,0.02482677437365055,1.2360717345887664
380,0.00349351204931736,0.02523374930024147,1.254612920781861
381,0.002642381237819791,0.02781369350850582,1.3648209361954566
382,0.002647159853950143,0.024410704150795937,1.215711162304902
383,0.0032084272243082523,0.02456674911081791,1.2425846916749617
384,0.002622623462229967,0.02448931708931923,1.2392300880273655
385,0.0025650549214333296,0.025482280179858208,1.239500549261695
386,0.003054922679439187,0.029041212052106857,1.3957848416827436
387,0.002531955484300852,0.025424623861908913,1.2568725617537986
388,0.0035884990356862545,0.03044106625020504,1.4385104945811982
389,0.003523225663229823,0.02624143473803997,1.2586702814677586
390,0.003104344243183732,0.02768986113369465,1.3505789045056533
391,0.002828708617016673,0.025058967992663383,1.238835081973958
392,0.0024548745714128017,0.025615550577640533,1.2548796972582297
393,0.0028775425162166357,0.023931145668029785,1.2262368945056679
394,0.003063799114897847,0.025509703904390335,1.2750782138869743
395,0.003593182424083352,0.026769034564495087,1.3101264524884324
396,0.00561206229031086,0.02621092088520527,1.281730086348295
397,0.0037925662472844124,0.027203217148780823,1.3285876794337754
398,0.002994114300236106,0.024788687005639076,1.2379219989512489
399,0.00290020857937634,0.026051972061395645,1.281103530104625
400,0.0027759720105677843,0.02552732266485691,1.2477670826614788
401,0.0023233916144818068,0.025803394615650177,1.2774921725223138
402,0.001834995811805129,0.025462018325924873,1.2720895804000538
403,0.0021028066985309124,0.027080565690994263,1.3325759140603266
404,0.001956245396286249,0.02513948455452919,1.238947393396606
405,0.0017526831943541765,0.028430955484509468,1.3756271521722057
406,0.0031049626413732767,0.024561051279306412,1.2290981090623005
407,0.004535745829343796,0.025237901136279106,1.2582169088482504
408,0.003924577962607145,0.025977911427617073,1.2588108918315462
409,0.004437209106981754,0.026650069281458855,1.3128914948622858
410,0.004488833714276552,0.028268102556467056,1.3702034832344094
411,0.006411684211343527,0.02756206877529621,1.3097435324411364
412,0.006551779806613922,0.026069466024637222,1.288733484719085
413,0.0037582300137728453,0.029146315529942513,1.4022081117601706
414,0.0036866250447928905,0.02622096613049507,1.2758679312131527
415,0.00563955819234252,0.0321868471801281,1.493376098447926
416,0.006625771522521973,0.026030031964182854,1.2754242863546612
417,0.005672630853950977,0.026443000882864,1.3151309433605975
418,0.002624237909913063,0.02390625700354576,1.2200891706285562
419,0.0049959090538322926,0.024702787399291992,1.2330878912871952
420,0.003961500711739063,0.02582569420337677,1.2713972880743614
421,0.004359391052275896,0.025707991793751717,1.252602811619035
422,0.0034132401924580336,0.02988136000931263,1.4265126278798965
423,0.003997905645519495,0.0249526035040617,1.2457423818571278
424,0.0033924903254956007,0.028778301551938057,1.3922959654550524
425,0.0026402869261801243,0.024797022342681885,1.241569614551895
426,0.003427267773076892,0.027339115738868713,1.3191526355894336
427,0.003087559249252081,0.025698784738779068,1.2644658161789681
428,0.001941512688063085,0.025526711717247963,1.2555808330030283
429,0.0024029819760471582,0.024489622563123703,1.2295490497415544
430,0.001630580285564065,0.026139643043279648,1.298336406136125
431,0.0019759710412472486,0.025443553924560547,1.2629252925706782
432,0.0024207662791013718,0.028602808713912964,1.3606919438147993
433,0.002508642617613077,0.025861520320177078,1.2719292197335959
434,0.0023749936372041702,0.027016084641218185,1.3248072651562186
435,0.002672879258170724,0.024853399023413658,1.2389602163543099
436,0.004502712283283472,0.02605535089969635,1.3025239124732013
437,0.0023701032623648643,0.02494952268898487,1.2427851425080343
438,0.0020966408774256706,0.0253073051571846,1.2767565474430014
439,0.0018252403242513537,0.02607029117643833,1.2998955009245379
440,0.0013717279070988297,0.025900449603796005,1.267165417251436
441,0.0017397435149177909,0.025919999927282333,1.271196837241289
442,0.0019155715126544237,0.02539554424583912,1.2518447832113204
443,0.0019513891311362386,0.026216784492135048,1.3037963330922566
444,0.001897197449579835,0.025075219571590424,1.2560921300176815
445,0.001683064503595233,0.0257900170981884,1.263838228203069
446,0.0018528929213061929,0.025880511850118637,1.2804918602831168
447,0.0021076598204672337,0.025100236758589745,1.2423345703045763
448,0.001946353237144649,0.024141589179635048,1.2171789487910436
449,0.001689645112492144,0.024825595319271088,1.2231409608669264
450,0.002519667847082019,0.026019951328635216,1.2786148445778385
451,0.001846049795858562,0.024885505437850952,1.2313368943041794
452,0.003147446783259511,0.026074187830090523,1.2915639683943239
453,0.0023667828645557165,0.024089349433779716,1.2143696156265003
454,0.0025666297879070044,0.026800237596035004,1.332860229984589
455,0.0023211233783513308,0.023763474076986313,1.2206903020422961
456,0.0021331103052943945,0.02728697657585144,1.3503383635059663
457,0.0021627815440297127,0.02444552443921566,1.2182419277676018
458,0.002304285764694214,0.029129229485988617,1.4131720353776458
459,0.0030285678803920746,0.02455081231892109,1.2317763385385954
460,0.0032219646964222193,0.02784259431064129,1.362302772604983
461,0.001836925046518445,0.025084620341658592,1.2539950605669785
462,0.002140209311619401,0.027506737038493156,1.3400519931823398
463,0.0024816393852233887,0.024751143530011177,1.234825991617348
464,0.001757193123921752,0.024889130145311356,1.2390563148419298
465,0.002152194967493415,0.024421116337180138,1.2318036794426652
466,0.0018949221121147275,0.02419697865843773,1.2212086000970752
467,0.002135541057214141,0.025087779387831688,1.2368635890745623
468,0.002536285202950239,0.024748317897319794,1.239401060796751
469,0.001918299705721438,0.025994306430220604,1.2740548829060752
470,0.0025436989963054657,0.02501840330660343,1.2403110486227729
471,0.0018200076883658767,0.02616286277770996,1.304423331506882
472,0.0037380768917500973,0.027230385690927505,1.3343372283656332
473,0.002454406814649701,0.024406807497143745,1.2326225800518937
474,0.003733086632564664,0.025426432490348816,1.287076817539868
475,0.0022314407397061586,0.025563817471265793,1.2512409250766894
476,0.002074257470667362,0.02759893797338009,1.3581970678946385
477,0.002243557944893837,0.02474994771182537,1.2448122015574803
478,0.004391116555780172,0.025612572208046913,1.2965777448565505
479,0.003688283497467637,0.02554003708064556,1.2954068761668975
480,0.002936066361144185,0.025058431550860405,1.2477225707853112
481,0.0032375238370150328,0.026892634108662605,1.3359986120350402
482,0.004164946731179953,0.025121834129095078,1.2689307110953403
483,0.004301212728023529,0.02573659084737301,1.299114774407784
484,0.0024257383774966,0.024236511439085007,1.2402800966559013
485,0.0020459075458347797,0.02463110350072384,1.2316316012458914
486,0.002080515492707491,0.02458861656486988,1.2330337990403293
487,0.001958716893568635,0.028158754110336304,1.3543260085712436
488,0.0019722268916666508,0.024975990876555443,1.23558239873156
489,0.0028776659164577723,0.02543330192565918,1.2700806503597755
490,0.0017025566194206476,0.02503855526447296,1.2358399633130264
491,0.00259056081995368,0.02500399760901928,1.2354665499412696
492,0.0016274573281407356,0.025482267141342163,1.2414654095967612
493,0.0022273678332567215,0.02525155432522297,1.267628517631961
494,0.0023028647992759943,0.023918434977531433,1.2233196716280295
495,0.002680181758478284,0.02547568269073963,1.250700149998349
496,0.0022057786118239164,0.025411371141672134,1.2730589665244052
497,0.002027286449447274,0.02439708821475506,1.21387497371783
498,0.0021782470867037773,0.026184843853116035,1.2988701064791808
499,0.0019312943331897259,0.025367269292473793,1.247749248432948
500,0.001599829294718802,0.026198945939540863,1.2721392509373666
501,0.001455059158615768,0.026268182322382927,1.2827532699388755
502,0.0015624292427673936,0.025660743936896324,1.2685208186197705
503,0.0016056656604632735,0.024377992376685143,1.2248543733187411
504,0.00260411249473691,0.02636750228703022,1.3107185193975885
505,0.00269398489035666,0.024625636637210846,1.2378213313637574
506,0.00360409589484334,0.025342170149087906,1.2796993425408882
507,0.0036317172925919294,0.023917922750115395,1.2114250518447922
508,0.0026089996099472046,0.027113964781165123,1.3452613565971308
509,0.0024930592626333237,0.02662232518196106,1.3208918413469748
510,0.0023461980745196342,0.025891153141856194,1.272499325485305
511,0.0019042497733607888,0.025864867493510246,1.286460136447533
512,0.0018973828991875052,0.02465994469821453,1.2245848701214814
513,0.0015770354075357318,0.025818858295679092,1.275524659161516
514,0.002444716403260827,0.025246525183320045,1.2330951871079578
515,0.001698624575510621,0.024978891015052795,1.2310399028125314
516,0.002450548578053713,0.026362314820289612,1.3089670802436173
517,0.004197834990918636,0.024812612682580948,1.2295651152862639
518,0.0032454347237944603,0.026940276846289635,1.3309339859129532
519,0.0025987341068685055,0.025247499346733093,1.2491969161406233
520,0.002729746513068676,0.02527870051562786,1.2509294893338347
521,0.0019608046859502792,0.02621246688067913,1.287090377449164
522,0.0019550397992134094,0.02575678378343582,1.2730073799129529
523,0.0031053496059030294,0.02594219148159027,1.278134941701012
524,0.0018243506783619523,0.02611808106303215,1.2826220925554679
525,0.0016604586271569133,0.025128202512860298,1.2250799542011068
526,0.0017174568492919207,0.026564359664916992,1.2955787332781934
527,0.0013515944592654705,0.024930765852332115,1.244977573494765
528,0.00234969612210989,0.025482667610049248,1.2505580657313768
529,0.0013974313624203205,0.025822417810559273,1.2795537209062737
530,0.0023845175746828318,0.025072379037737846,1.2545555859479895
531,0.002609184244647622,0.025009186938405037,1.2451871625275805
532,0.0025529740378260612,0.02573671191930771,1.2742849591931533
533,0.002094944240525365,0.02522282674908638,1.2432622449688104
534,0.0018003557343035936,0.0257244985550642,1.2737388780633492
535,0.0019135007169097662,0.027307940647006035,1.3302872371956573
536,0.0019502075156196952,0.025297487154603004,1.2504551872891088
537,0.0023310452233999968,0.025873424485325813,1.2933285252866358
538,0.001512237242422998,0.024574751034379005,1.246175119832055
539,0.0015248554991558194,0.026355819776654243,1.3167320443897643
540,0.0014915334759280086,0.02571273036301136,1.2852664222585224
541,0.0016984617104753852,0.024814797565340996,1.2350588683204764
542,0.0018008307088166475,0.025316255167126656,1.2640133279013706
543,0.0018072811653837562,0.025243088603019714,1.2438722934968158
544,0.0016499574994668365,0.02679600566625595,1.3096545086888014
545,0.001725572976283729,0.025930453091859818,1.2688067558375358
546,0.0022721625864505768,0.026910874992609024,1.3135995579520507
547,0.0029465940315276384,0.026268482208251953,1.2975198637719914
548,0.0021346828434616327,0.02465827949345112,1.2236515209299874
549,0.0035379917826503515,0.028710175305604935,1.3919745071705443
550,0.0023662906605750322,0.02539309486746788,1.2468000547822222
551,0.0020233013201504946,0.02769254706799984,1.3531984726352106
552,0.0014044500421732664,0.02501812018454075,1.2168925694023232
553,0.0017190830549225211,0.025888677686452866,1.2631314916261698
554,0.0016177624929696321,0.02452258951961994,1.211063356003351
555,0.0014663361944258213,0.02640601061284542,1.2927573878026977
556,0.0021857579704374075,0.025873752310872078,1.2586117675113395
557,0.0013516750186681747,0.025280937552452087,1.2456036875674799
558,0.002572838217020035,0.02555382438004017,1.2631718765734212
559,0.00176092772744596,0.024337420240044594,1.2156342982538377
560,0.0019256363157182932,0.02611253596842289,1.3030611501838993
561,0.0024006448220461607,0.024390000849962234,1.225722723379805
562,0.0021465416066348553,0.02535003051161766,1.2758929875672866
563,0.0017118892865255475,0.024513959884643555,1.2296858279570628
564,0.001863274723291397,0.024632038548588753,1.2412446188997446
565,0.0014975043013691902,0.025048015639185905,1.2493435695074668
566,0.0018048613565042615,0.02585366740822792,1.2873531743869349
567,0.001486384542658925,0.024759521707892418,1.2233439910305715
568,0.0017288005910813808,0.0257673691958189,1.268477043695195
569,0.0021164999343454838,0.025728723034262657,1.2650151398957779
570,0.0019504486117511988,0.025881212204694748,1.2626997853834716
571,0.0015236081089824438,0.026824023574590683,1.301668311674682
572,0.0014642695896327496,0.025597553700208664,1.2333155356340193
573,0.001754244789481163,0.02572976052761078,1.2424852032100175
574,0.0012921798042953014,0.02545754984021187,1.2532047536795266
575,0.0016059853369370103,0.025775041431188583,1.2720306242726795
576,0.0016657779924571514,0.02598598599433899,1.2836141767888585
577,0.0016106872353702784,0.025563841685652733,1.276094764913225
578,0.0017547070747241378,0.02547919563949108,1.2611878554969584
579,0.0013235860969871283,0.025638535618782043,1.2708391209384455
580,0.0023272631224244833,0.02554279938340187,1.266168469137537
581,0.0026585834566503763,0.026718907058238983,1.322135520853935
582,0.002598145743831992,0.025188038125634193,1.2484842839509869
583,0.0017916255164891481,0.025534285232424736,1.2751380543562592
584,0.0031891099642962217,0.025505106896162033,1.2728586630816512
585,0.00254098791629076,0.024532608687877655,1.224379334322423
586,0.002332998439669609,0.02613043785095215,1.2937235313400435
587,0.0019336119294166565,0.024998482316732407,1.2513675333602257
